{
  "task": "bracket_counting",
  "model": "csp_yolo2",
  "sparsity": 0.9993,
  "total_nodes": 182784,
  "active_nodes": 133,
  "unique_positions": 84,
  "phi_clustering": {
    "phi_minus_7": {
      "value": 0.03444185374863302,
      "nodes_nearby": 17
    },
    "phi_minus_8": {
      "value": 0.02128623625220818,
      "nodes_nearby": 80
    },
    "phi_minus_9": {
      "value": 0.013155617496424835,
      "nodes_nearby": 76
    }
  },
  "fibonacci_spacing": {
    "gap_ratios_near_phi": 0.308,
    "expected_random": 0.1
  },
  "important_layers": [
    "final_resid",
    "7.mlp.post_act",
    "7.mlp.resid_delta"
  ],
  "normalized_positions": [
    0.0006783963585434173,
    0.0007112219887955182,
    0.0009628851540616247,
    0.0018984156162464986,
    0.002182904411764706,
    0.0023579744397759102,
    0.003003545168067227,
    0.0031786151960784314,
    0.003320859593837535,
    0.0035451680672268907,
    0.0038187149859943976,
    0.003867953431372549,
    0.003982843137254902,
    0.004152442226890756,
    0.004185267857142857,
    0.004218093487394958,
    0.004239977240896358,
    0.00429468662464986,
    0.004382221638655462,
    0.004447872899159664,
    0.004518995098039216,
    0.00467765231092437,
    0.005438112745098039,
    0.005509234943977591,
    0.00585390406162465,
    0.005903142507002801,
    0.005946910014005602,
    0.006198573179271708,
    0.00624234068627451,
    0.006472120098039216,
    0.006565126050420168,
    0.006833202030812325,
    0.00702468487394958,
    0.00703562675070028,
    0.007068452380952381,
    0.007079394257703081,
    0.0073255864845938375,
    0.007456889005602241,
    0.0074678308823529415,
    0.007500656512605042,
    0.007577249649859944,
    0.007582720588235294,
    0.0078234418767507,
    0.008107930672268908,
    0.00815169817927171,
    0.008321297268907563,
    0.00898875175070028,
    0.00900516456582633,
    0.00901063550420168,
    0.009163821778711485,
    0.00936077556022409,
    0.009470194327731092,
    0.009492078081232492,
    0.009503019957983192,
    0.009508490896358543,
    0.009968049719887954,
    0.01012123599439776,
    0.010673800770308123,
    0.010799632352941176,
    0.01098017331932773,
    0.011007528011204483,
    0.011051295518207284,
    0.011166185224089636,
    0.011609331232492998,
    0.012030593487394959,
    0.012517507002801121,
    0.013737526260504201,
    0.01487548144257703,
    0.01686143207282913,
    0.02197128851540616,
    0.02261138830532213,
    0.025204613095238096,
    0.027989320728291318,
    0.029625131302521007,
    0.030380120798319327,
    0.031053046218487396,
    0.03419336484593838,
    0.03459274334733894,
    0.0351015406162465,
    0.035894826680672266,
    0.03676470588235294,
    0.03861388305322129,
    0.039801076680672266,
    0.041677608543417365
  ],
  "raw_indices": [
    124,
    130,
    176,
    347,
    399,
    431,
    549,
    581,
    607,
    648,
    698,
    707,
    728,
    759,
    765,
    771,
    775,
    785,
    801,
    813,
    826,
    855,
    994,
    1007,
    1070,
    1079,
    1087,
    1133,
    1141,
    1183,
    1200,
    1249,
    1284,
    1286,
    1292,
    1294,
    1339,
    1363,
    1365,
    1371,
    1385,
    1386,
    1430,
    1482,
    1490,
    1521,
    1643,
    1646,
    1647,
    1675,
    1711,
    1731,
    1735,
    1737,
    1738,
    1822,
    1850,
    1951,
    1974,
    2007,
    2012,
    2020,
    2041,
    2122,
    2199,
    2288,
    2511,
    2719,
    3082,
    4016,
    4133,
    4607,
    5116,
    5415,
    5553,
    5676,
    6250,
    6323,
    6416,
    6561,
    6720,
    7058,
    7275,
    7618
  ]
}